chrom	start	end	motif
chr1	149390802	149390841	GGC
chr2	190880872	190880920	GCA
chr3	63912684	63912714	GCA
chr3	63912714	63912726	GCC
chr3	129172576	129172656	CAGG
chr3	129172656	129172696	CAGA
chr3	129172696	129172732	CA
chr4	3074876	3074933	CAG
chr4	3074939	3074966	CCG
chr4	39348424	39348479	AARRG
chr4	41745972	41746032	GCN
chr5	146878727	146878757	GCT
chr6	16327633	16327723	TGC
chr6	170561906	170562017	GCA
chr9	27573528	27573546	GGCCCC
chr9	69037261	69037286	A
chr9	69037286	69037304	GAA
chr11	119206289	119206322	CGG
chr12	6936716	6936773	CAG
chr12	50505001	50505022	GGC
chr12	111598949	111599018	GCT
chr13	70139353	70139383	CTA
chr13	70139383	70139428	CTG
chr14	23321472	23321490	GCG
chr14	92071009	92071042	GCT
chr15	22786677	22786701	GCG
chr16	87604287	87604329	CTG
chr18	55586155	55586227	CAG
chr19	13207858	13207897	CTG
chr19	14496041	14496074	CCG
chr19	45770204	45770264	CAG
chr20	2652733	2652757	GGCCTG
chr20	2652757	2652775	CGCCTG
chr21	43776443	43776479	CGCGGGGCGGGG
chr22	45795354	45795424	ATTCT
chrX	67545316	67545385	GCA
chrX	147912050	147912110	CGG
chrX	148500631	148500691	GCC
